ImageFileName,values(ComputerName)
\Device\HarddiskVolume2\ProgramData\chocolatey\lib\chocolatey-agent\tools\service\chocolatey-agent.exe,CV9-CHOCOMGMT01
\Device\HarddiskVolume2\ProgramData\chocolatey\lib\chocolatey-agent\tools\service\chocolatey-agent.exe,JLOH10-2D
\Device\HarddiskVolume2\ProgramData\chocolatey\lib\chocolatey-management-service\tools\service\chocolatey-central-management.exe,CV9-CHOCOMGMT01
\Device\HarddiskVolume3\ProgramData\chocolatey\bin\chocolateygui.exe,1VKZ2D3
\Device\HarddiskVolume3\ProgramData\chocolatey\bin\chocolateyguicli.exe,HW527D3
\Device\HarddiskVolume3\ProgramData\chocolatey\lib\chocolatey-agent\tools\service\chocolatey-agent.exe,45078401657
\Device\HarddiskVolume3\ProgramData\chocolatey\lib\chocolatey-agent\tools\service\chocolatey-agent.exe,10267D3
\Device\HarddiskVolume3\ProgramData\chocolatey\lib\chocolatey-agent\tools\service\chocolatey-agent.exe,104CFB3
\Device\HarddiskVolume3\ProgramData\chocolatey\lib\chocolatey-agent\tools\service\chocolatey-agent.exe,12WY2D3
\Device\HarddiskVolume3\ProgramData\chocolatey\lib\chocolatey-agent\tools\service\chocolatey-agent.exe,1.54753E+14
\Device\HarddiskVolume3\ProgramData\chocolatey\lib\chocolatey-agent\tools\service\chocolatey-agent.exe,1BX17D3
\Device\HarddiskVolume3\ProgramData\chocolatey\lib\chocolatey-agent\tools\service\chocolatey-agent.exe,1H8KFB3
\Device\HarddiskVolume3\ProgramData\chocolatey\lib\chocolatey-agent\tools\service\chocolatey-agent.exe,1TW66D3
\Device\HarddiskVolume3\ProgramData\chocolatey\lib\chocolatey-agent\tools\service\chocolatey-agent.exe,1VKZ2D3
\Device\HarddiskVolume3\ProgramData\chocolatey\lib\chocolatey-agent\tools\service\chocolatey-agent.exe,21903D3
\Device\HarddiskVolume3\ProgramData\chocolatey\lib\chocolatey-agent\tools\service\chocolatey-agent.exe,29X17D3
\Device\HarddiskVolume3\ProgramData\chocolatey\lib\chocolatey-agent\tools\service\chocolatey-agent.exe,2C027D3
\Device\HarddiskVolume3\ProgramData\chocolatey\lib\chocolatey-agent\tools\service\chocolatey-agent.exe,310W1J3
\Device\HarddiskVolume3\ProgramData\chocolatey\lib\chocolatey-agent\tools\service\chocolatey-agent.exe,33YXMF2
\Device\HarddiskVolume3\ProgramData\chocolatey\lib\chocolatey-agent\tools\service\chocolatey-agent.exe,3LSP493
\Device\HarddiskVolume3\ProgramData\chocolatey\lib\chocolatey-agent\tools\service\chocolatey-agent.exe,3N77DB3
\Device\HarddiskVolume3\ProgramData\chocolatey\lib\chocolatey-agent\tools\service\chocolatey-agent.exe,3T62FB3
\Device\HarddiskVolume3\ProgramData\chocolatey\lib\chocolatey-agent\tools\service\chocolatey-agent.exe,3W837D3
\Device\HarddiskVolume3\ProgramData\chocolatey\lib\chocolatey-agent\tools\service\chocolatey-agent.exe,40M8NQ2
\Device\HarddiskVolume3\ProgramData\chocolatey\lib\chocolatey-agent\tools\service\chocolatey-agent.exe,49V87D3
\Device\HarddiskVolume3\ProgramData\chocolatey\lib\chocolatey-agent\tools\service\chocolatey-agent.exe,4CVN493
\Device\HarddiskVolume3\ProgramData\chocolatey\lib\chocolatey-agent\tools\service\chocolatey-agent.exe,4L906S2
\Device\HarddiskVolume3\ProgramData\chocolatey\lib\chocolatey-agent\tools\service\chocolatey-agent.exe,4LQ0DB3
\Device\HarddiskVolume3\ProgramData\chocolatey\lib\chocolatey-agent\tools\service\chocolatey-agent.exe,4PK47D3
\Device\HarddiskVolume3\ProgramData\chocolatey\lib\chocolatey-agent\tools\service\chocolatey-agent.exe,5CN9FB3
\Device\HarddiskVolume3\ProgramData\chocolatey\lib\chocolatey-agent\tools\service\chocolatey-agent.exe,5MHZPV2
\Device\HarddiskVolume3\ProgramData\chocolatey\lib\chocolatey-agent\tools\service\chocolatey-agent.exe,5S837D3
\Device\HarddiskVolume3\ProgramData\chocolatey\lib\chocolatey-agent\tools\service\chocolatey-agent.exe,60267D3
\Device\HarddiskVolume3\ProgramData\chocolatey\lib\chocolatey-agent\tools\service\chocolatey-agent.exe,66X17D3
\Device\HarddiskVolume3\ProgramData\chocolatey\lib\chocolatey-agent\tools\service\chocolatey-agent.exe,6VLZ5G3
\Device\HarddiskVolume3\ProgramData\chocolatey\lib\chocolatey-agent\tools\service\chocolatey-agent.exe,72Q47D3
\Device\HarddiskVolume3\ProgramData\chocolatey\lib\chocolatey-agent\tools\service\chocolatey-agent.exe,7MR5163
\Device\HarddiskVolume3\ProgramData\chocolatey\lib\chocolatey-agent\tools\service\chocolatey-agent.exe,7ZT9FB3
\Device\HarddiskVolume3\ProgramData\chocolatey\lib\chocolatey-agent\tools\service\chocolatey-agent.exe,89S76D3
\Device\HarddiskVolume3\ProgramData\chocolatey\lib\chocolatey-agent\tools\service\chocolatey-agent.exe,8B267D3
\Device\HarddiskVolume3\ProgramData\chocolatey\lib\chocolatey-agent\tools\service\chocolatey-agent.exe,8T4R6D3
\Device\HarddiskVolume3\ProgramData\chocolatey\lib\chocolatey-agent\tools\service\chocolatey-agent.exe,9G298G3
\Device\HarddiskVolume3\ProgramData\chocolatey\lib\chocolatey-agent\tools\service\chocolatey-agent.exe,9HD3FB3
\Device\HarddiskVolume3\ProgramData\chocolatey\lib\chocolatey-agent\tools\service\chocolatey-agent.exe,9QB37D3
\Device\HarddiskVolume3\ProgramData\chocolatey\lib\chocolatey-agent\tools\service\chocolatey-agent.exe,9TZ16D3
\Device\HarddiskVolume3\ProgramData\chocolatey\lib\chocolatey-agent\tools\service\chocolatey-agent.exe,AJOHNSON10-L
\Device\HarddiskVolume3\ProgramData\chocolatey\lib\chocolatey-agent\tools\service\chocolatey-agent.exe,AKING10-L
\Device\HarddiskVolume3\ProgramData\chocolatey\lib\chocolatey-agent\tools\service\chocolatey-agent.exe,B247DB3
\Device\HarddiskVolume3\ProgramData\chocolatey\lib\chocolatey-agent\tools\service\chocolatey-agent.exe,B2P03D3
\Device\HarddiskVolume3\ProgramData\chocolatey\lib\chocolatey-agent\tools\service\chocolatey-agent.exe,B61Z2D3
\Device\HarddiskVolume3\ProgramData\chocolatey\lib\chocolatey-agent\tools\service\chocolatey-agent.exe,B9Z3FB3
\Device\HarddiskVolume3\ProgramData\chocolatey\lib\chocolatey-agent\tools\service\chocolatey-agent.exe,BB43043
\Device\HarddiskVolume3\ProgramData\chocolatey\lib\chocolatey-agent\tools\service\chocolatey-agent.exe,BGX17D3
\Device\HarddiskVolume3\ProgramData\chocolatey\lib\chocolatey-agent\tools\service\chocolatey-agent.exe,BJQ17D3
\Device\HarddiskVolume3\ProgramData\chocolatey\lib\chocolatey-agent\tools\service\chocolatey-agent.exe,BLDR-ACCESS005
\Device\HarddiskVolume3\ProgramData\chocolatey\lib\chocolatey-agent\tools\service\chocolatey-agent.exe,BT417D3
\Device\HarddiskVolume3\ProgramData\chocolatey\lib\chocolatey-agent\tools\service\chocolatey-agent.exe,BTXR493
\Device\HarddiskVolume3\ProgramData\chocolatey\lib\chocolatey-agent\tools\service\chocolatey-agent.exe,BXS76D3
\Device\HarddiskVolume3\ProgramData\chocolatey\lib\chocolatey-agent\tools\service\chocolatey-agent.exe,C3YBFB3
\Device\HarddiskVolume3\ProgramData\chocolatey\lib\chocolatey-agent\tools\service\chocolatey-agent.exe,C4QJFB3
\Device\HarddiskVolume3\ProgramData\chocolatey\lib\chocolatey-agent\tools\service\chocolatey-agent.exe,C7T4DB3
\Device\HarddiskVolume3\ProgramData\chocolatey\lib\chocolatey-agent\tools\service\chocolatey-agent.exe,C829BK3
\Device\HarddiskVolume3\ProgramData\chocolatey\lib\chocolatey-agent\tools\service\chocolatey-agent.exe,C9V37D3
\Device\HarddiskVolume3\ProgramData\chocolatey\lib\chocolatey-agent\tools\service\chocolatey-agent.exe,CAPVIEWACCESS-D
\Device\HarddiskVolume3\ProgramData\chocolatey\lib\chocolatey-agent\tools\service\chocolatey-agent.exe,CGC57D3
\Device\HarddiskVolume3\ProgramData\chocolatey\lib\chocolatey-agent\tools\service\chocolatey-agent.exe,CGRZ2D3
\Device\HarddiskVolume3\ProgramData\chocolatey\lib\chocolatey-agent\tools\service\chocolatey-agent.exe,CMB88G3
\Device\HarddiskVolume3\ProgramData\chocolatey\lib\chocolatey-agent\tools\service\chocolatey-agent.exe,CND1278Z7H
\Device\HarddiskVolume3\ProgramData\chocolatey\lib\chocolatey-agent\tools\service\chocolatey-agent.exe,CND1278ZBD
\Device\HarddiskVolume3\ProgramData\chocolatey\lib\chocolatey-agent\tools\service\chocolatey-agent.exe,CYD6163
\Device\HarddiskVolume3\ProgramData\chocolatey\lib\chocolatey-agent\tools\service\chocolatey-agent.exe,DCSTXT2-L
\Device\HarddiskVolume3\ProgramData\chocolatey\lib\chocolatey-agent\tools\service\chocolatey-agent.exe,DRW8BK3
\Device\HarddiskVolume3\ProgramData\chocolatey\lib\chocolatey-agent\tools\service\chocolatey-agent.exe,DSCOTT10U-2L
\Device\HarddiskVolume3\ProgramData\chocolatey\lib\chocolatey-agent\tools\service\chocolatey-agent.exe,DTLOANER10-L
\Device\HarddiskVolume3\ProgramData\chocolatey\lib\chocolatey-agent\tools\service\chocolatey-agent.exe,DW147D3
\Device\HarddiskVolume3\ProgramData\chocolatey\lib\chocolatey-agent\tools\service\chocolatey-agent.exe,F3C7163
\Device\HarddiskVolume3\ProgramData\chocolatey\lib\chocolatey-agent\tools\service\chocolatey-agent.exe,F3YZ2D3
\Device\HarddiskVolume3\ProgramData\chocolatey\lib\chocolatey-agent\tools\service\chocolatey-agent.exe,F7Z27D3
\Device\HarddiskVolume3\ProgramData\chocolatey\lib\chocolatey-agent\tools\service\chocolatey-agent.exe,FBX37D3
\Device\HarddiskVolume3\ProgramData\chocolatey\lib\chocolatey-agent\tools\service\chocolatey-agent.exe,FNR87D3
\Device\HarddiskVolume3\ProgramData\chocolatey\lib\chocolatey-agent\tools\service\chocolatey-agent.exe,FPM27D3
\Device\HarddiskVolume3\ProgramData\chocolatey\lib\chocolatey-agent\tools\service\chocolatey-agent.exe,FW63DB3
\Device\HarddiskVolume3\ProgramData\chocolatey\lib\chocolatey-agent\tools\service\chocolatey-agent.exe,FWB88G3
\Device\HarddiskVolume3\ProgramData\chocolatey\lib\chocolatey-agent\tools\service\chocolatey-agent.exe,FWJJFB3
\Device\HarddiskVolume3\ProgramData\chocolatey\lib\chocolatey-agent\tools\service\chocolatey-agent.exe,G1903D3
\Device\HarddiskVolume3\ProgramData\chocolatey\lib\chocolatey-agent\tools\service\chocolatey-agent.exe,G31MZ33
\Device\HarddiskVolume3\ProgramData\chocolatey\lib\chocolatey-agent\tools\service\chocolatey-agent.exe,G3V37D3
\Device\HarddiskVolume3\ProgramData\chocolatey\lib\chocolatey-agent\tools\service\chocolatey-agent.exe,G6C7DB3
\Device\HarddiskVolume3\ProgramData\chocolatey\lib\chocolatey-agent\tools\service\chocolatey-agent.exe,GPW5163
\Device\HarddiskVolume3\ProgramData\chocolatey\lib\chocolatey-agent\tools\service\chocolatey-agent.exe,GTH5DB3
\Device\HarddiskVolume3\ProgramData\chocolatey\lib\chocolatey-agent\tools\service\chocolatey-agent.exe,H0W87D3
\Device\HarddiskVolume3\ProgramData\chocolatey\lib\chocolatey-agent\tools\service\chocolatey-agent.exe,H4G3533
\Device\HarddiskVolume3\ProgramData\chocolatey\lib\chocolatey-agent\tools\service\chocolatey-agent.exe,HCV56D3
\Device\HarddiskVolume3\ProgramData\chocolatey\lib\chocolatey-agent\tools\service\chocolatey-agent.exe,HHK27D3
\Device\HarddiskVolume3\ProgramData\chocolatey\lib\chocolatey-agent\tools\service\chocolatey-agent.exe,HJ837D3
\Device\HarddiskVolume3\ProgramData\chocolatey\lib\chocolatey-agent\tools\service\chocolatey-agent.exe,HRG03D3
\Device\HarddiskVolume3\ProgramData\chocolatey\lib\chocolatey-agent\tools\service\chocolatey-agent.exe,HS7P493
\Device\HarddiskVolume3\ProgramData\chocolatey\lib\chocolatey-agent\tools\service\chocolatey-agent.exe,HW527D3
\Device\HarddiskVolume3\ProgramData\chocolatey\lib\chocolatey-agent\tools\service\chocolatey-agent.exe,J0H03D3
\Device\HarddiskVolume3\ProgramData\chocolatey\lib\chocolatey-agent\tools\service\chocolatey-agent.exe,J0H47D3
\Device\HarddiskVolume3\ProgramData\chocolatey\lib\chocolatey-agent\tools\service\chocolatey-agent.exe,J7S52R2
\Device\HarddiskVolume3\ProgramData\chocolatey\lib\chocolatey-agent\tools\service\chocolatey-agent.exe,JBAUER10-L
\Device\HarddiskVolume3\ProgramData\chocolatey\lib\chocolatey-agent\tools\service\chocolatey-agent.exe,JLK27D3
\Device\HarddiskVolume3\ProgramData\chocolatey\lib\chocolatey-agent\tools\service\chocolatey-agent.exe,JLRXYW2
\Device\HarddiskVolume3\ProgramData\chocolatey\lib\chocolatey-agent\tools\service\chocolatey-agent.exe,JLZ37D3
\Device\HarddiskVolume3\ProgramData\chocolatey\lib\chocolatey-agent\tools\service\chocolatey-agent.exe,JP02FB3
\Device\HarddiskVolume3\ProgramData\chocolatey\lib\chocolatey-agent\tools\service\chocolatey-agent.exe,JWM27D3
\Device\HarddiskVolume3\ProgramData\chocolatey\lib\chocolatey-agent\tools\service\chocolatey-agent.exe,JYB7DB3
\Device\HarddiskVolume3\ProgramData\chocolatey\lib\chocolatey-agent\tools\service\chocolatey-agent.exe,PF2XCWZ7
\Device\HarddiskVolume3\ProgramData\chocolatey\lib\chocolatey-agent\tools\service\chocolatey-agent.exe,PF2Z4PB8
\Device\HarddiskVolume3\ProgramData\chocolatey\lib\chocolatey-agent\tools\service\chocolatey-agent.exe,VM-06481885
\Device\HarddiskVolume3\ProgramData\chocolatey\lib\chocolatey\tools\chocolateyInstall\redirects\chocolatey.exe,B2P03D3
\Device\HarddiskVolume4\ProgramData\chocolatey\lib\chocolatey-agent\tools\service\chocolatey-agent.exe,1ND86S2
\Device\HarddiskVolume4\ProgramData\chocolatey\lib\chocolatey-agent\tools\service\chocolatey-agent.exe,1NW5163
\Device\HarddiskVolume4\ProgramData\chocolatey\lib\chocolatey-agent\tools\service\chocolatey-agent.exe,58RYX33
\Device\HarddiskVolume4\ProgramData\chocolatey\lib\chocolatey-agent\tools\service\chocolatey-agent.exe,5Z1VN53
\Device\HarddiskVolume4\ProgramData\chocolatey\lib\chocolatey-agent\tools\service\chocolatey-agent.exe,704V6Y2
\Device\HarddiskVolume4\ProgramData\chocolatey\lib\chocolatey-agent\tools\service\chocolatey-agent.exe,751EAF0BB9D08C2
\Device\HarddiskVolume4\ProgramData\chocolatey\lib\chocolatey-agent\tools\service\chocolatey-agent.exe,8HBYX33
\Device\HarddiskVolume4\ProgramData\chocolatey\lib\chocolatey-agent\tools\service\chocolatey-agent.exe,BBOATMAN10-L
\Device\HarddiskVolume4\ProgramData\chocolatey\lib\chocolatey-agent\tools\service\chocolatey-agent.exe,BLMBRV2
\Device\HarddiskVolume4\ProgramData\chocolatey\lib\chocolatey-agent\tools\service\chocolatey-agent.exe,CLAWRENCE10-L
\Device\HarddiskVolume4\ProgramData\chocolatey\lib\chocolatey-agent\tools\service\chocolatey-agent.exe,CORPBADGES7U-L
\Device\HarddiskVolume4\ProgramData\chocolatey\lib\chocolatey-agent\tools\service\chocolatey-agent.exe,CTHOMPSON10-D
\Device\HarddiskVolume4\ProgramData\chocolatey\lib\chocolatey-agent\tools\service\chocolatey-agent.exe,DMULDERS10-SB
\Device\HarddiskVolume4\ProgramData\chocolatey\lib\chocolatey-agent\tools\service\chocolatey-agent.exe,JADAMS-SB
\Device\HarddiskVolume4\ProgramData\chocolatey\lib\chocolatey-agent\tools\service\chocolatey-agent.exe,JGIBBS10-L
\Device\HarddiskVolume4\ProgramData\chocolatey\lib\chocolatey-agent\tools\service\chocolatey-agent.exe,JLEITSCH10-L
\Device\HarddiskVolume4\ProgramData\chocolatey\lib\chocolatey-agent\tools\service\chocolatey-agent.exe,JTHX5S2
\Device\HarddiskVolume4\ProgramData\chocolatey\lib\chocolatey-agent\tools\service\chocolatey-agent.exe,QATEST0628
\Device\HarddiskVolume4\ProgramData\chocolatey\lib\chocolatey-agent\tools\service\chocolatey-agent.exe,RBUSHARDT-L
\Device\HarddiskVolume4\ProgramData\chocolatey\lib\chocolatey-agent\tools\service\chocolatey-agent.exe,SJACKSON-L
\Device\HarddiskVolume4\ProgramData\chocolatey\lib\chocolatey-agent\tools\service\chocolatey-agent.exe,TYOUNG10-L
\Device\HarddiskVolume4\ProgramData\chocolatey\lib\chocolatey-agent\tools\service\chocolatey-agent.exe,VM-58882771
